adaptability,expertise,shared_leadership,low,medium,high,expert,method,parent_configuration
l,l,l,0.88,0.1,0.02,1,WSA,1
l,l,m,0.65,0.25,0.1,1,WSA,2
l,l,h,0.507,0.175,0.318,1,WSA,3
l,m,l,0.41,0.425,0.165,1,WSA,4
l,m,m,0.38,0.365,0.255,1,WSA,5
l,m,h,0.371,0.275,0.354,1,WSA,6
l,h,l,0.374,0.325,0.301,1,WSA,7
l,h,m,0.344,0.265,0.391,1,WSA,8
l,h,h,0.335,0.175,0.49,1,WSA,9
m,l,l,0.321,0.5,0.179,1,WSA,10
m,l,m,0.291,0.44,0.269,1,WSA,11
m,l,h,0.282,0.35,0.368,1,WSA,12
m,m,l,0.15,0.6,0.25,1,WSA,13
m,m,m,0.2,0.6,0.2,1,WSA,14
m,m,h,0.146,0.45,0.404,1,WSA,15
m,h,l,0.149,0.5,0.351,1,WSA,16
m,h,m,0.119,0.44,0.441,1,WSA,17
m,h,h,0.11,0.35,0.54,1,WSA,18
h,l,l,0.231,0.25,0.519,1,WSA,19
h,l,m,0.201,0.19,0.609,1,WSA,20
h,l,h,0.192,0.1,0.708,1,WSA,21
h,m,l,0.095,0.35,0.555,1,WSA,22
h,m,m,0.05,0.4,0.55,1,WSA,23
h,m,h,0.056,0.2,0.744,1,WSA,24
h,h,l,0.059,0.25,0.691,1,WSA,25
h,h,m,0.029,0.19,0.781,1,WSA,26
h,h,h,0.02,0.1,0.88,1,WSA,27
l,l,l,0.7644,0.1658,0.0698,1,WSAAHP,1
l,l,m,0.6394,0.2737,0.0869,1,WSAAHP,2
l,l,h,0.4891,0.2775,0.2335,1,WSAAHP,3
l,m,l,0.4203,0.4416,0.1381,1,WSAAHP,4
l,m,m,0.3536,0.3287,0.3177,1,WSAAHP,5
l,m,h,0.3522,0.3516,0.2962,1,WSAAHP,6
l,h,l,0.4153,0.406,0.1788,1,WSAAHP,7
l,h,m,0.3486,0.2931,0.3583,1,WSAAHP,8
l,h,h,0.3472,0.316,0.3369,1,WSAAHP,9
m,l,l,0.2775,0.4989,0.2237,1,WSAAHP,10
m,l,m,0.2108,0.386,0.4033,1,WSAAHP,11
m,l,h,0.2094,0.4088,0.3818,1,WSAAHP,12
m,m,l,0.2819,0.6583,0.0598,1,WSAAHP,13
m,m,m,0.08,0.5364,0.3836,1,WSAAHP,14
m,m,h,0.0725,0.4829,0.4446,1,WSAAHP,15
m,h,l,0.1356,0.5373,0.3271,1,WSAAHP,16
m,h,m,0.0689,0.4244,0.5067,1,WSAAHP,17
m,h,h,0.0675,0.4473,0.4853,1,WSAAHP,18
h,l,l,0.2649,0.4098,0.3254,1,WSAAHP,19
h,l,m,0.1983,0.2969,0.5049,1,WSAAHP,20
h,l,h,0.1968,0.3197,0.4835,1,WSAAHP,21
h,m,l,0.128,0.4839,0.3881,1,WSAAHP,22
h,m,m,0.0598,0.2819,0.6583,1,WSAAHP,23
h,m,h,0.0599,0.3938,0.5462,1,WSAAHP,24
h,h,l,0.123,0.4482,0.4288,1,WSAAHP,25
h,h,m,0.0564,0.3353,0.6083,1,WSAAHP,26
h,h,h,0.0549,0.3582,0.5869,1,WSAAHP,27
l,l,l,0.7895,0.2077,0.0028,1,RNM,1
l,l,m,0.7282,0.2669,0.0049,1,RNM,2
l,l,h,0.6599,0.3315,0.0086,1,RNM,3
l,m,l,0.485,0.487,0.028,1,RNM,4
l,m,m,0.4009,0.5533,0.0458,1,RNM,5
l,m,h,0.3206,0.6006,0.0788,1,RNM,6
l,h,l,0.1688,0.6588,0.1724,1,RNM,7
l,h,m,0.1212,0.6418,0.237,1,RNM,8
l,h,h,0.0791,0.6116,0.3093,1,RNM,9
m,l,l,0.5746,0.409,0.0164,1,RNM,10
m,l,m,0.485,0.487,0.028,1,RNM,11
m,l,h,0.4009,0.5533,0.0458,1,RNM,12
m,m,l,0.2392,0.6428,0.118,1,RNM,13
m,m,m,0.1688,0.6588,0.1724,1,RNM,14
m,m,h,0.1212,0.6418,0.237,1,RNM,15
m,h,l,0.0519,0.5538,0.3943,1,RNM,16
m,h,m,0.0312,0.4832,0.4856,1,RNM,17
m,h,h,0.0184,0.412,0.5696,1,RNM,18
h,l,l,0.3206,0.6006,0.0788,1,RNM,19
h,l,m,0.2392,0.6428,0.118,1,RNM,20
h,l,h,0.1688,0.6588,0.1724,1,RNM,21
h,m,l,0.0791,0.6116,0.3093,1,RNM,22
h,m,m,0.0519,0.5538,0.3943,1,RNM,23
h,m,h,0.0312,0.4832,0.4856,1,RNM,24
h,h,l,0.0097,0.3441,0.6462,1,RNM,25
h,h,m,0.0048,0.2704,0.7248,1,RNM,26
h,h,h,0.0023,0.2061,0.7916,1,RNM,27
l,l,l,0.6,0.3,0.1,2,WSA,1
l,l,m,0.48,0.34,0.18,2,WSA,2
l,l,h,0.4,0.42,0.18,2,WSA,3
l,m,l,0.6,0.3,0.1,2,WSA,4
l,m,m,0.36,0.38,0.26,2,WSA,5
l,m,h,0.28,0.46,0.26,2,WSA,6
l,h,l,0.66,0.26,0.08,2,WSA,7
l,h,m,0.54,0.3,0.16,2,WSA,8
l,h,h,0.46,0.38,0.16,2,WSA,9
m,l,l,0.6,0.3,0.1,2,WSA,10
m,l,m,0.42,0.36,0.22,2,WSA,11
m,l,h,0.34,0.44,0.22,2,WSA,12
m,m,l,0.42,0.36,0.22,2,WSA,13
m,m,m,0.3,0.4,0.3,2,WSA,14
m,m,h,0.1,0.6,0.3,2,WSA,15
m,h,l,0.6,0.28,0.12,2,WSA,16
m,h,m,0.48,0.32,0.2,2,WSA,17
m,h,h,0.4,0.4,0.2,2,WSA,18
h,l,l,0.5,0.38,0.12,2,WSA,19
h,l,m,0.38,0.42,0.2,2,WSA,20
h,l,h,0.3,0.5,0.2,2,WSA,21
h,m,l,0.38,0.42,0.2,2,WSA,22
h,m,m,0.26,0.46,0.28,2,WSA,23
h,m,h,0.1,0.7,0.2,2,WSA,24
h,h,l,0.56,0.34,0.1,2,WSA,25
h,h,m,0.44,0.38,0.18,2,WSA,26
h,h,h,0.75,0.2,0.05,2,WSA,27
l,l,l,0.5875,0.3455,0.067,2,WSAAHP,1
l,l,m,0.4351,0.4885,0.0764,2,WSAAHP,2
l,l,h,0.373,0.5057,0.1213,2,WSAAHP,3
l,m,l,0.3212,0.6065,0.0723,2,WSAAHP,4
l,m,m,0.2827,0.6315,0.0857,2,WSAAHP,5
l,m,h,0.2206,0.6487,0.1307,2,WSAAHP,6
l,h,l,0.349,0.338,0.313,2,WSAAHP,7
l,h,m,0.1966,0.4811,0.3223,2,WSAAHP,8
l,h,h,0.1345,0.4983,0.3672,2,WSAAHP,9
m,l,l,0.6541,0.2802,0.0657,2,WSAAHP,10
m,l,m,0.4255,0.4948,0.0797,2,WSAAHP,11
m,l,h,0.3634,0.5119,0.1247,2,WSAAHP,12
m,m,l,0.4255,0.4948,0.0797,2,WSAAHP,13
m,m,m,0.2731,0.6378,0.0891,2,WSAAHP,14
m,m,h,0.1179,0.6807,0.2014,2,WSAAHP,15
m,h,l,0.3394,0.3443,0.3163,2,WSAAHP,16
m,h,m,0.187,0.4874,0.3257,2,WSAAHP,17
m,h,h,0.1249,0.5045,0.3706,2,WSAAHP,18
h,l,l,0.5356,0.2951,0.1693,2,WSAAHP,19
h,l,m,0.3832,0.4381,0.1787,2,WSAAHP,20
h,l,h,0.3211,0.4553,0.2236,2,WSAAHP,21
h,m,l,0.3832,0.4381,0.1787,2,WSAAHP,22
h,m,m,0.2308,0.5811,0.1881,2,WSAAHP,23
h,m,h,0.0616,0.3545,0.5839,2,WSAAHP,24
h,h,l,0.2971,0.2876,0.4153,2,WSAAHP,25
h,h,m,0.1447,0.4307,0.4246,2,WSAAHP,26
h,h,h,0.0578,0.2617,0.6805,2,WSAAHP,27
l,l,l,0.7421,0.2503,0.0076,2,RNM,1
l,l,m,0.6681,0.3174,0.0145,2,RNM,2
l,l,h,0.5751,0.3977,0.0272,2,RNM,3
l,m,l,0.5751,0.3977,0.0272,2,RNM,4
l,m,m,0.3814,0.5322,0.0864,2,RNM,5
l,m,h,0.2014,0.5966,0.202,2,RNM,6
l,h,l,0.3814,0.5322,0.0864,2,RNM,7
l,h,m,0.2014,0.5966,0.202,2,RNM,8
l,h,h,0.0872,0.542,0.3708,2,RNM,9
m,l,l,0.6681,0.3174,0.0145,2,RNM,10
m,l,m,0.5751,0.3977,0.0272,2,RNM,11
m,l,h,0.4763,0.4751,0.0486,2,RNM,12
m,m,l,0.3814,0.5322,0.0864,2,RNM,13
m,m,m,0.2014,0.5966,0.202,2,RNM,14
m,m,h,0.1366,0.5819,0.2815,2,RNM,15
m,h,l,0.2014,0.5966,0.202,2,RNM,16
m,h,m,0.0872,0.542,0.3708,2,RNM,17
m,h,h,0.0304,0.4006,0.569,2,RNM,18
h,l,l,0.5751,0.3977,0.0272,2,RNM,19
h,l,m,0.4763,0.4751,0.0486,2,RNM,20
h,l,h,0.3814,0.5322,0.0864,2,RNM,21
h,m,l,0.2014,0.5966,0.202,2,RNM,22
h,m,m,0.1366,0.5819,0.2815,2,RNM,23
h,m,h,0.0872,0.542,0.3708,2,RNM,24
h,h,l,0.0872,0.542,0.3708,2,RNM,25
h,h,m,0.0304,0.4006,0.569,2,RNM,26
h,h,h,0.0084,0.2502,0.7414,2,RNM,27
l,l,l,0.8,0.1,0.1,3,WSA,1
l,l,m,0.56,0.26,0.18,3,WSA,2
l,l,h,0.56,0.24,0.2,3,WSA,3
l,m,l,0.54,0.28,0.18,3,WSA,4
l,m,m,0.6,0.3,0.1,3,WSA,5
l,m,h,0.44,0.28,0.28,3,WSA,6
l,h,l,0.52,0.28,0.2,3,WSA,7
l,h,m,0.42,0.3,0.28,3,WSA,8
l,h,h,0.42,0.28,0.3,3,WSA,9
m,l,l,0.7,0.2,0.1,3,WSA,10
m,l,m,0.32,0.26,0.42,3,WSA,11
m,l,h,0.32,0.24,0.44,3,WSA,12
m,m,l,0.3,0.28,0.42,3,WSA,13
m,m,m,0.2,0.3,0.5,3,WSA,14
m,m,h,0.2,0.3,0.5,3,WSA,15
m,h,l,0.28,0.28,0.44,3,WSA,16
m,h,m,0.18,0.3,0.52,3,WSA,17
m,h,h,0.1,0.3,0.6,3,WSA,18
h,l,l,0.36,0.18,0.46,3,WSA,19
h,l,m,0.26,0.2,0.54,3,WSA,20
h,l,h,0.26,0.18,0.56,3,WSA,21
h,m,l,0.24,0.22,0.54,3,WSA,22
h,m,m,0.2,0.3,0.5,3,WSA,23
h,m,h,0.2,0.2,0.6,3,WSA,24
h,h,l,0.22,0.22,0.56,3,WSA,25
h,h,m,0.12,0.24,0.64,3,WSA,26
h,h,h,0.1,0.2,0.7,3,WSA,27
l,l,l,0.6865,0.2114,0.1021,3,WSAAHP,1
l,l,m,0.3659,0.4238,0.2103,3,WSAAHP,2
l,l,h,0.3588,0.4092,0.232,3,WSAAHP,3
l,m,l,0.3311,0.4306,0.2383,3,WSAAHP,4
l,m,m,0.3338,0.5247,0.1415,3,WSAAHP,5
l,m,h,0.2376,0.4254,0.337,3,WSAAHP,6
l,h,l,0.3362,0.4242,0.2396,3,WSAAHP,7
l,h,m,0.2498,0.4336,0.3165,3,WSAAHP,8
l,h,h,0.2427,0.419,0.3383,3,WSAAHP,9
m,l,l,0.5736,0.2865,0.1399,3,WSAAHP,10
m,l,m,0.214,0.2844,0.5016,3,WSAAHP,11
m,l,h,0.2069,0.2698,0.5233,3,WSAAHP,12
m,m,l,0.1793,0.2911,0.5296,3,WSAAHP,13
m,m,m,0.0929,0.3006,0.6065,3,WSAAHP,14
m,m,h,0.0807,0.2923,0.627,3,WSAAHP,15
m,h,l,0.1844,0.2848,0.5309,3,WSAAHP,16
m,h,m,0.0979,0.2942,0.6078,3,WSAAHP,17
m,h,h,0.1061,0.2605,0.6334,3,WSAAHP,18
h,l,l,0.3133,0.2264,0.4603,3,WSAAHP,19
h,l,m,0.2269,0.2358,0.5373,3,WSAAHP,20
h,l,h,0.2198,0.2212,0.559,3,WSAAHP,21
h,m,l,0.1922,0.2426,0.5653,3,WSAAHP,22
h,m,m,0.1415,0.3338,0.5247,3,WSAAHP,23
h,m,h,0.1061,0.2605,0.6334,3,WSAAHP,24
h,h,l,0.1973,0.2362,0.5666,3,WSAAHP,25
h,h,m,0.1108,0.2457,0.6435,3,WSAAHP,26
h,h,h,0.1021,0.2114,0.6865,3,WSAAHP,27
l,l,l,0.5735,0.3471,0.0794,3,RNM,1
l,l,m,0.5174,0.3782,0.1044,3,RNM,2
l,l,h,0.4652,0.403,0.1318,3,RNM,3
l,m,l,0.3857,0.4275,0.1868,3,RNM,4
l,m,m,0.3351,0.4352,0.2297,3,RNM,5
l,m,h,0.2786,0.4476,0.2738,3,RNM,6
l,h,l,0.2062,0.4453,0.3485,3,RNM,7
l,h,m,0.164,0.4313,0.4047,3,RNM,8
l,h,h,0.1339,0.402,0.4641,3,RNM,9
m,l,l,0.5174,0.3782,0.1044,3,RNM,10
m,l,m,0.4652,0.403,0.1318,3,RNM,11
m,l,h,0.4115,0.4206,0.1679,3,RNM,12
m,m,l,0.3351,0.4352,0.2297,3,RNM,13
m,m,m,0.2786,0.4476,0.2738,3,RNM,14
m,m,h,0.2301,0.4474,0.3225,3,RNM,15
m,h,l,0.164,0.4313,0.4047,3,RNM,16
m,h,m,0.1339,0.402,0.4641,3,RNM,17
m,h,h,0.1046,0.3777,0.5177,3,RNM,18
h,l,l,0.4652,0.403,0.1318,3,RNM,19
h,l,m,0.4115,0.4206,0.1679,3,RNM,20
h,l,h,0.3593,0.433,0.2077,3,RNM,21
h,m,l,0.2786,0.4476,0.2738,3,RNM,22
h,m,m,0.2301,0.4474,0.3225,3,RNM,23
h,m,h,0.1857,0.4376,0.3767,3,RNM,24
h,h,l,0.1339,0.402,0.4641,3,RNM,25
h,h,m,0.1046,0.3777,0.5177,3,RNM,26
h,h,h,0.0796,0.3514,0.569,3,RNM,27
l,l,l,0.8,0.15,0.05,4,WSA,1
l,l,m,0.625,0.325,0.05,4,WSA,2
l,l,h,0.6125,0.15,0.2375,4,WSA,3
l,m,l,0.55,0.4,0.05,4,WSA,4
l,m,m,0.38,0.57,0.05,4,WSA,5
l,m,h,0.3675,0.395,0.2375,4,WSA,6
l,h,l,0.475,0.2125,0.3125,4,WSA,7
l,h,m,0.3625,0.325,0.3125,4,WSA,8
l,h,h,0.35,0.15,0.5,4,WSA,9
m,l,l,0.4975,0.4325,0.07,4,WSA,10
m,l,m,0.385,0.545,0.07,4,WSA,11
m,l,h,0.3725,0.37,0.2575,4,WSA,12
m,m,l,0.2,0.7,0.1,4,WSA,13
m,m,m,0.1,0.85,0.05,4,WSA,14
m,m,h,0.1275,0.615,0.2575,4,WSA,15
m,h,l,0.235,0.4325,0.3325,4,WSA,16
m,h,m,0.1225,0.545,0.3325,4,WSA,17
m,h,h,0.11,0.37,0.52,4,WSA,18
h,l,l,0.4375,0.2125,0.35,4,WSA,19
h,l,m,0.325,0.325,0.35,4,WSA,20
h,l,h,0.3125,0.15,0.5375,4,WSA,21
h,m,l,0.1925,0.4575,0.35,4,WSA,22
h,m,m,0.08,0.57,0.35,4,WSA,23
h,m,h,0.0675,0.395,0.5375,4,WSA,24
h,h,l,0.175,0.2125,0.6125,4,WSA,25
h,h,m,0.0625,0.325,0.6125,4,WSA,26
h,h,h,0.05,0.15,0.8,4,WSA,27
l,l,l,0.7643,0.1659,0.0698,4,WSAAHP,1
l,l,m,0.6027,0.2946,0.1027,4,WSAAHP,2
l,l,h,0.5897,0.1742,0.2362,4,WSAAHP,3
l,m,l,0.669,0.2572,0.0738,4,WSAAHP,4
l,m,m,0.3765,0.4747,0.1488,4,WSAAHP,5
l,m,h,0.3634,0.3545,0.2822,4,WSAAHP,6
l,h,l,0.4959,0.2005,0.3037,4,WSAAHP,7
l,h,m,0.3581,0.3063,0.3356,4,WSAAHP,8
l,h,h,0.345,0.186,0.469,4,WSAAHP,9
m,l,l,0.5201,0.4029,0.077,4,WSAAHP,10
m,l,m,0.3823,0.5088,0.1089,4,WSAAHP,11
m,l,h,0.3692,0.3885,0.2424,4,WSAAHP,12
m,m,l,0.2133,0.7014,0.0853,4,WSAAHP,13
m,m,m,0.1179,0.6807,0.2014,4,WSAAHP,14
m,m,h,0.1429,0.5687,0.2885,4,WSAAHP,15
m,h,l,0.2755,0.4147,0.3099,4,WSAAHP,16
m,h,m,0.1377,0.5205,0.3418,4,WSAAHP,17
m,h,h,0.1245,0.4002,0.4753,4,WSAAHP,18
h,l,l,0.461,0.2021,0.337,4,WSAAHP,19
h,l,m,0.3231,0.308,0.3689,4,WSAAHP,20
h,l,h,0.3101,0.1876,0.5023,4,WSAAHP,21
h,m,l,0.2347,0.3823,0.383,4,WSAAHP,22
h,m,m,0.0969,0.4882,0.4149,4,WSAAHP,23
h,m,h,0.0838,0.3679,0.5484,4,WSAAHP,24
h,h,l,0.2163,0.2139,0.5699,4,WSAAHP,25
h,h,m,0.0785,0.3197,0.6018,4,WSAAHP,26
h,h,h,0.0654,0.1994,0.7352,4,WSAAHP,27
l,l,l,0.9582,0.0418,0,4,RNM,1
l,l,m,0.8724,0.1276,0,4,RNM,2
l,l,h,0.7163,0.2837,0,4,RNM,3
l,m,l,0.7163,0.2837,0,4,RNM,4
l,m,m,0.2909,0.7071,0.002,4,RNM,5
l,m,h,0.0477,0.9117,0.0406,4,RNM,6
l,h,l,0.2909,0.7071,0.002,4,RNM,7
l,h,m,0.0477,0.9117,0.0406,4,RNM,8
l,h,h,0.0018,0.715,0.2832,4,RNM,9
m,l,l,0.8724,0.1276,0,4,RNM,10
m,l,m,0.7163,0.2837,0,4,RNM,11
m,l,h,0.5023,0.4975,0.0002,4,RNM,12
m,m,l,0.2909,0.7071,0.002,4,RNM,13
m,m,m,0.0477,0.9117,0.0406,4,RNM,14
m,m,h,0.0112,0.8628,0.126,4,RNM,15
m,h,l,0.0477,0.9117,0.0406,4,RNM,16
m,h,m,0.0018,0.715,0.2832,4,RNM,17
m,h,h,0,0.2916,0.7084,4,RNM,18
h,l,l,0.7163,0.2837,0,4,RNM,19
h,l,m,0.5023,0.4975,0.0002,4,RNM,20
h,l,h,0.2909,0.7071,0.002,4,RNM,21
h,m,l,0.0477,0.9117,0.0406,4,RNM,22
h,m,m,0.0112,0.8628,0.126,4,RNM,23
h,m,h,0.0018,0.715,0.2832,4,RNM,24
h,h,l,0.0018,0.715,0.2832,4,RNM,25
h,h,m,0,0.2916,0.7084,4,RNM,26
h,h,h,0,0.0491,0.9509,4,RNM,27
l,l,l,0.85,0.1,0.05,5,WSA,1
l,l,m,0.7,0.25,0.05,5,WSA,2
l,l,h,0.645,0.175,0.18,5,WSA,3
l,m,l,0.47,0.405,0.125,5,WSA,4
l,m,m,0.33,0.535,0.135,5,WSA,5
l,m,h,0.32,0.425,0.255,5,WSA,6
l,h,l,0.395,0.155,0.45,5,WSA,7
l,h,m,0.255,0.285,0.46,5,WSA,8
l,h,h,0.245,0.175,0.58,5,WSA,9
m,l,l,0.8,0.15,0.05,5,WSA,10
m,l,m,0.505,0.39,0.105,5,WSA,11
m,l,h,0.495,0.28,0.225,5,WSA,12
m,m,l,0.32,0.51,0.17,5,WSA,13
m,m,m,0.1,0.8,0.1,5,WSA,14
m,m,h,0.2,0.6,0.2,5,WSA,15
m,h,l,0.245,0.26,0.495,5,WSA,16
m,h,m,0.105,0.39,0.505,5,WSA,17
m,h,h,0.095,0.28,0.625,5,WSA,18
h,l,l,0.6,0.11,0.29,5,WSA,19
h,l,m,0.46,0.24,0.3,5,WSA,20
h,l,h,0.45,0.13,0.42,5,WSA,21
h,m,l,0.275,0.36,0.365,5,WSA,22
h,m,m,0.135,0.49,0.375,5,WSA,23
h,m,h,0.05,0.25,0.7,5,WSA,24
h,h,l,0.2,0.11,0.69,5,WSA,25
h,h,m,0.06,0.24,0.7,5,WSA,26
h,h,h,0.05,0.1,0.85,5,WSA,27
l,l,l,0.7373,0.1774,0.0853,5,WSAAHP,1
l,l,m,0.5572,0.3202,0.1226,5,WSAAHP,2
l,l,h,0.4512,0.2239,0.3249,5,WSAAHP,3
l,m,l,0.4615,0.355,0.1834,5,WSAAHP,4
l,m,m,0.2367,0.483,0.2803,5,WSAAHP,5
l,m,h,0.2309,0.3529,0.4162,5,WSAAHP,6
l,h,l,0.4557,0.2249,0.3194,5,WSAAHP,7
l,h,m,0.2309,0.3529,0.4162,5,WSAAHP,8
l,h,h,0.2251,0.2228,0.5521,5,WSAAHP,9
m,l,l,0.7509,0.1805,0.0686,5,WSAAHP,10
m,l,m,0.3185,0.4222,0.2594,5,WSAAHP,11
m,l,h,0.3126,0.292,0.3953,5,WSAAHP,12
m,m,l,0.323,0.4232,0.2538,5,WSAAHP,13
m,m,m,0.1416,0.5246,0.3338,5,WSAAHP,14
m,m,h,0.0924,0.421,0.4866,5,WSAAHP,15
m,h,l,0.3172,0.2931,0.3897,5,WSAAHP,16
m,h,m,0.0924,0.421,0.4866,5,WSAAHP,17
m,h,h,0.0866,0.2909,0.6225,5,WSAAHP,18
h,l,l,0.5262,0.3046,0.1692,5,WSAAHP,19
h,l,m,0.3014,0.4326,0.266,5,WSAAHP,20
h,l,h,0.2956,0.3025,0.402,5,WSAAHP,21
h,m,l,0.3059,0.4336,0.2605,5,WSAAHP,22
h,m,m,0.0765,0.5644,0.3591,5,WSAAHP,23
h,m,h,0.0903,0.556,0.3537,5,WSAAHP,24
h,h,l,0.2251,0.2228,0.5521,5,WSAAHP,25
h,h,m,0.0866,0.2909,0.6225,5,WSAAHP,26
h,h,h,0.0591,0.1741,0.7668,5,WSAAHP,27
l,l,l,0.8679,0.132,0.0001,5,RNM,1
l,l,m,0.7486,0.2504,0.001,5,RNM,2
l,l,h,0.5912,0.4047,0.0041,5,RNM,3
l,m,l,0.4068,0.5785,0.0147,5,RNM,4
l,m,m,0.2403,0.7156,0.0441,5,RNM,5
l,m,h,0.1199,0.764,0.1161,5,RNM,6
l,h,l,0.0508,0.7116,0.2376,5,RNM,7
l,h,m,0.0168,0.5824,0.4008,5,RNM,8
l,h,h,0.0037,0.4122,0.5841,5,RNM,9
m,l,l,0.7486,0.2504,0.001,5,RNM,10
m,l,m,0.5912,0.4047,0.0041,5,RNM,11
m,l,h,0.4068,0.5785,0.0147,5,RNM,12
m,m,l,0.2403,0.7156,0.0441,5,RNM,13
m,m,m,0.1199,0.764,0.1161,5,RNM,14
m,m,h,0.0508,0.7116,0.2376,5,RNM,15
m,h,l,0.0168,0.5824,0.4008,5,RNM,16
m,h,m,0.0037,0.4122,0.5841,5,RNM,17
m,h,h,0.0006,0.2501,0.7493,5,RNM,18
h,l,l,0.5912,0.4047,0.0041,5,RNM,19
h,l,m,0.4068,0.5785,0.0147,5,RNM,20
h,l,h,0.2403,0.7156,0.0441,5,RNM,21
h,m,l,0.1199,0.764,0.1161,5,RNM,22
h,m,m,0.0508,0.7116,0.2376,5,RNM,23
h,m,h,0.0168,0.5824,0.4008,5,RNM,24
h,h,l,0.0037,0.4122,0.5841,5,RNM,25
h,h,m,0.0006,0.2501,0.7493,5,RNM,26
h,h,h,0.0001,0.1339,0.866,5,RNM,27
l,l,l,0.7,0.25,0.05,6,WSA,1
l,l,m,0.54,0.36,0.1,6,WSA,2
l,l,h,0.53,0.28,0.19,6,WSA,3
l,m,l,0.6,0.35,0.05,6,WSA,4
l,m,m,0.28,0.3,0.42,6,WSA,5
l,m,h,0.27,0.22,0.51,6,WSA,6
l,h,l,0.38,0.29,0.33,6,WSA,7
l,h,m,0.28,0.34,0.38,6,WSA,8
l,h,h,0.27,0.26,0.47,6,WSA,9
m,l,l,0.44,0.41,0.15,6,WSA,10
m,l,m,0.34,0.46,0.2,6,WSA,11
m,l,h,0.33,0.38,0.29,6,WSA,12
m,m,l,0.18,0.35,0.47,6,WSA,13
m,m,m,0.1,0.6,0.3,6,WSA,14
m,m,h,0.07,0.32,0.61,6,WSA,15
m,h,l,0.18,0.39,0.43,6,WSA,16
m,h,m,0.08,0.44,0.48,6,WSA,17
m,h,h,0.07,0.36,0.57,6,WSA,18
h,l,l,0.42,0.25,0.33,6,WSA,19
h,l,m,0.32,0.3,0.38,6,WSA,20
h,l,h,0.31,0.22,0.47,6,WSA,21
h,m,l,0.16,0.19,0.65,6,WSA,22
h,m,m,0.05,0.1,0.85,6,WSA,23
h,m,h,0.05,0.16,0.79,6,WSA,24
h,h,l,0.16,0.23,0.61,6,WSA,25
h,h,m,0.06,0.28,0.66,6,WSA,26
h,h,h,0.05,0.2,0.75,6,WSA,27
l,l,l,0.6893,0.2437,0.0669,6,WSAAHP,1
l,l,m,0.5716,0.3243,0.1041,6,WSAAHP,2
l,l,h,0.5612,0.2439,0.1949,6,WSAAHP,3
l,m,l,0.6877,0.2344,0.0778,6,WSAAHP,4
l,m,m,0.321,0.3291,0.3498,6,WSAAHP,5
l,m,h,0.3106,0.2488,0.4405,6,WSAAHP,6
l,h,l,0.4333,0.246,0.3206,6,WSAAHP,7
l,h,m,0.3166,0.3321,0.3513,6,WSAAHP,8
l,h,h,0.3062,0.2517,0.4421,6,WSAAHP,9
m,l,l,0.4548,0.4104,0.1348,6,WSAAHP,10
m,l,m,0.338,0.4965,0.1654,6,WSAAHP,11
m,l,h,0.3276,0.4162,0.2562,6,WSAAHP,12
m,m,l,0.2043,0.4153,0.3804,6,WSAAHP,13
m,m,m,0.1038,0.6651,0.2311,6,WSAAHP,14
m,m,h,0.0771,0.4211,0.5019,6,WSAAHP,15
m,h,l,0.1998,0.4182,0.382,6,WSAAHP,16
m,h,m,0.083,0.5044,0.4126,6,WSAAHP,17
m,h,h,0.0726,0.424,0.5034,6,WSAAHP,18
h,l,l,0.434,0.2497,0.3163,6,WSAAHP,19
h,l,m,0.3172,0.3358,0.3469,6,WSAAHP,20
h,l,h,0.3068,0.2555,0.4377,6,WSAAHP,21
h,m,l,0.1835,0.2546,0.562,6,WSAAHP,22
h,m,m,0.063,0.2559,0.6811,6,WSAAHP,23
h,m,h,0.0563,0.2603,0.6834,6,WSAAHP,24
h,h,l,0.179,0.2575,0.5635,6,WSAAHP,25
h,h,m,0.0622,0.3437,0.5941,6,WSAAHP,26
h,h,h,0.0518,0.2633,0.6849,6,WSAAHP,27
l,l,l,0.7791,0.2174,0.0035,6,RNM,1
l,l,m,0.6799,0.3118,0.0083,6,RNM,2
l,l,h,0.5506,0.4276,0.0218,6,RNM,3
l,m,l,0.4179,0.5352,0.0469,6,RNM,4
l,m,m,0.2905,0.6081,0.1014,6,RNM,5
l,m,h,0.1766,0.6444,0.179,6,RNM,6
l,h,l,0.1016,0.613,0.2854,6,RNM,7
l,h,m,0.0522,0.5357,0.4121,6,RNM,8
l,h,h,0.023,0.4292,0.5478,6,RNM,9
m,l,l,0.6799,0.3118,0.0083,6,RNM,10
m,l,m,0.5506,0.4276,0.0218,6,RNM,11
m,l,h,0.4179,0.5352,0.0469,6,RNM,12
m,m,l,0.2905,0.6081,0.1014,6,RNM,13
m,m,m,0.1766,0.6444,0.179,6,RNM,14
m,m,h,0.1016,0.613,0.2854,6,RNM,15
m,h,l,0.0522,0.5357,0.4121,6,RNM,16
m,h,m,0.023,0.4292,0.5478,6,RNM,17
m,h,h,0.0094,0.3232,0.6674,6,RNM,18
h,l,l,0.5506,0.4276,0.0218,6,RNM,19
h,l,m,0.4179,0.5352,0.0469,6,RNM,20
h,l,h,0.2905,0.6081,0.1014,6,RNM,21
h,m,l,0.1766,0.6444,0.179,6,RNM,22
h,m,m,0.1016,0.613,0.2854,6,RNM,23
h,m,h,0.0522,0.5357,0.4121,6,RNM,24
h,h,l,0.023,0.4292,0.5478,6,RNM,25
h,h,m,0.0094,0.3232,0.6674,6,RNM,26
h,h,h,0.0033,0.2177,0.779,6,RNM,27
l,l,l,0.8,0.15,0.05,7,WSA,1
l,l,m,0.5667,0.3333,0.1,7,WSA,2
l,l,h,0.535,0.105,0.36,7,WSA,3
l,m,l,0.3333,0.35,0.3167,7,WSA,4
l,m,m,0.3333,0.3834,0.2833,7,WSA,5
l,m,h,0.3017,0.155,0.5433,7,WSA,6
l,h,l,0.3017,0.255,0.4433,7,WSA,7
l,h,m,0.3017,0.2883,0.41,7,WSA,8
l,h,h,0.27,0.06,0.67,7,WSA,9
m,l,l,0.35,0.4167,0.2333,7,WSA,10
m,l,m,0.35,0.45,0.2,7,WSA,11
m,l,h,0.3183,0.2217,0.46,7,WSA,12
m,m,l,0.1,0.6,0.3,7,WSA,13
m,m,m,0.1,0.7,0.2,7,WSA,14
m,m,h,0.15,0.5,0.35,7,WSA,15
m,h,l,0.085,0.3717,0.5433,7,WSA,16
m,h,m,0.085,0.405,0.51,7,WSA,17
m,h,h,0.0533,0.1767,0.77,7,WSA,18
h,l,l,0.3017,0.255,0.4433,7,WSA,19
h,l,m,0.3017,0.2883,0.41,7,WSA,20
h,l,h,0.27,0.06,0.67,7,WSA,21
h,m,l,0.0683,0.305,0.6267,7,WSA,22
h,m,m,0.0683,0.3383,0.5934,7,WSA,23
h,m,h,0.1,0.3,0.6,7,WSA,24
h,h,l,0.0367,0.21,0.7533,7,WSA,25
h,h,m,0.0367,0.2433,0.72,7,WSA,26
h,h,h,0.005,0.015,0.98,7,WSA,27
l,l,l,0.7391,0.1915,0.0694,7,WSAAHP,1
l,l,m,0.6126,0.2932,0.0942,7,WSAAHP,2
l,l,h,0.6036,0.2241,0.1723,7,WSAAHP,3
l,m,l,0.2992,0.4785,0.2223,7,WSAAHP,4
l,m,m,0.2782,0.4875,0.2343,7,WSAAHP,5
l,m,h,0.2692,0.4184,0.3124,7,WSAAHP,6
l,h,l,0.2948,0.3657,0.3395,7,WSAAHP,7
l,h,m,0.2738,0.3747,0.3515,7,WSAAHP,8
l,h,h,0.2648,0.3056,0.4296,7,WSAAHP,9
m,l,l,0.4547,0.3982,0.1471,7,WSAAHP,10
m,l,m,0.4337,0.4072,0.1591,7,WSAAHP,11
m,l,h,0.4247,0.3381,0.2372,7,WSAAHP,12
m,m,l,0.2114,0.6551,0.1335,7,WSAAHP,13
m,m,m,0.1065,0.7,0.1935,7,WSAAHP,14
m,m,h,0.1429,0.5714,0.2857,7,WSAAHP,15
m,h,l,0.1159,0.4797,0.4044,7,WSAAHP,16
m,h,m,0.095,0.4886,0.4164,7,WSAAHP,17
m,h,h,0.086,0.4196,0.4944,7,WSAAHP,18
h,l,l,0.4303,0.3331,0.2366,7,WSAAHP,19
h,l,m,0.4093,0.3421,0.2486,7,WSAAHP,20
h,l,h,0.4004,0.273,0.3266,7,WSAAHP,21
h,m,l,0.0959,0.5274,0.3767,7,WSAAHP,22
h,m,m,0.0749,0.5364,0.3887,7,WSAAHP,23
h,m,h,0.0703,0.5801,0.3496,7,WSAAHP,24
h,h,l,0.2648,0.3056,0.4296,7,WSAAHP,25
h,h,m,0.086,0.4196,0.4944,7,WSAAHP,26
h,h,h,0.0616,0.3545,0.5839,7,WSAAHP,27
l,l,l,0.7421,0.2503,0.0076,7,RNM,1
l,l,m,0.6505,0.3328,0.0167,7,RNM,2
l,l,h,0.5334,0.4311,0.0355,7,RNM,3
l,m,l,0.6505,0.3328,0.0167,7,RNM,4
l,m,m,0.5334,0.4311,0.0355,7,RNM,5
l,m,h,0.4185,0.5123,0.0692,7,RNM,6
l,h,l,0.5334,0.4311,0.0355,7,RNM,7
l,h,m,0.4185,0.5123,0.0692,7,RNM,8
l,h,h,0.3077,0.5688,0.1235,7,RNM,9
m,l,l,0.6505,0.3328,0.0167,7,RNM,10
m,l,m,0.5334,0.4311,0.0355,7,RNM,11
m,l,h,0.4185,0.5123,0.0692,7,RNM,12
m,m,l,0.3814,0.5322,0.0864,7,RNM,13
m,m,m,0.2014,0.5966,0.202,7,RNM,14
m,m,h,0.1268,0.5751,0.2981,7,RNM,15
m,h,l,0.2014,0.5966,0.202,7,RNM,16
m,h,m,0.1268,0.5751,0.2981,7,RNM,17
m,h,h,0.0711,0.5178,0.4111,7,RNM,18
h,l,l,0.5334,0.4311,0.0355,7,RNM,19
h,l,m,0.4185,0.5123,0.0692,7,RNM,20
h,l,h,0.3077,0.5688,0.1235,7,RNM,21
h,m,l,0.2014,0.5966,0.202,7,RNM,22
h,m,m,0.1268,0.5751,0.2981,7,RNM,23
h,m,h,0.0711,0.5178,0.4111,7,RNM,24
h,h,l,0.0872,0.542,0.3708,7,RNM,25
h,h,m,0.0304,0.4006,0.569,7,RNM,26
h,h,h,0.0084,0.2502,0.7414,7,RNM,27
l,l,l,0.7,0.2,0.1,8,WSA,1
l,l,m,0.3667,0.3667,0.2666,8,WSA,2
l,l,h,0.5,0.4,0.1,8,WSA,3
l,m,l,0.3083,0.4167,0.275,8,WSA,4
l,m,m,0.2666,0.4167,0.3167,8,WSA,5
l,m,h,0.2667,0.375,0.3583,8,WSA,6
l,h,l,0.3083,0.3834,0.3083,8,WSA,7
l,h,m,0.2667,0.3833,0.35,8,WSA,8
l,h,h,0.2666,0.3417,0.3917,8,WSA,9
m,l,l,0.2417,0.4083,0.35,8,WSA,10
m,l,m,0.2,0.4083,0.3917,8,WSA,11
m,l,h,0.2,0.3667,0.4333,8,WSA,12
m,m,l,0.2,0.4,0.4,8,WSA,13
m,m,m,0.1,0.5,0.4,8,WSA,14
m,m,h,0.1,0.4167,0.4833,8,WSA,15
m,h,l,0.1417,0.425,0.4333,8,WSA,16
m,h,m,0.1,0.425,0.475,8,WSA,17
m,h,h,0.1,0.3833,0.5167,8,WSA,18
h,l,l,0.2417,0.325,0.4333,8,WSA,19
h,l,m,0.2,0.325,0.475,8,WSA,20
h,l,h,0.2,0.2833,0.5167,8,WSA,21
h,m,l,0.1417,0.375,0.4833,8,WSA,22
h,m,m,0.1,0.4,0.5,8,WSA,23
h,m,h,0.1,0.3,0.6,8,WSA,24
h,h,l,0.2666,0.3417,0.3917,8,WSA,25
h,h,m,0.1,0.3833,0.5167,8,WSA,26
h,h,h,0.1,0.3,0.6,8,WSA,27
l,l,l,0.2397,0.5794,0.1809,8,WSAAHP,1
l,l,m,0.2202,0.3585,0.4213,8,WSAAHP,2
l,l,h,0.2144,0.3547,0.4309,8,WSAAHP,3
l,m,l,0.2319,0.491,0.2771,8,WSAAHP,4
l,m,m,0.5607,0.3296,0.1097,8,WSAAHP,5
l,m,h,0.2066,0.2663,0.5271,8,WSAAHP,6
l,h,l,0.2296,0.4895,0.2809,8,WSAAHP,7
l,h,m,0.21,0.2686,0.5214,8,WSAAHP,8
l,h,h,0.2043,0.2648,0.5309,8,WSAAHP,9
m,l,l,0.0899,0.5569,0.3532,8,WSAAHP,10
m,l,m,0.0703,0.336,0.5937,8,WSAAHP,11
m,l,h,0.0646,0.3322,0.6032,8,WSAAHP,12
m,m,l,0.0821,0.4685,0.4494,8,WSAAHP,13
m,m,m,0.063,0.2447,0.6923,8,WSAAHP,14
m,m,h,0.0612,0.2546,0.6842,8,WSAAHP,15
m,h,l,0.0798,0.467,0.4532,8,WSAAHP,16
m,h,m,0.0602,0.2461,0.6937,8,WSAAHP,17
m,h,h,0.0516,0.237,0.7114,8,WSAAHP,18
h,l,l,0.1022,0.6864,0.2114,8,WSAAHP,19
h,l,m,0.0674,0.3307,0.6019,8,WSAAHP,20
h,l,h,0.0617,0.3269,0.6114,8,WSAAHP,21
h,m,l,0.0791,0.4633,0.4576,8,WSAAHP,22
h,m,m,0.0596,0.2424,0.698,8,WSAAHP,23
h,m,h,0.0516,0.237,0.7114,8,WSAAHP,24
h,h,l,0.2043,0.2648,0.5309,8,WSAAHP,25
h,h,m,0.0516,0.237,0.7114,8,WSAAHP,26
h,h,h,0.0516,0.237,0.7114,8,WSAAHP,27
l,l,l,0.7612,0.2334,0.0054,8,RNM,1
l,l,m,0.666,0.3219,0.0121,8,RNM,2
l,l,h,0.5415,0.4308,0.0277,8,RNM,3
l,m,l,0.666,0.3219,0.0121,8,RNM,4
l,m,m,0.5415,0.4308,0.0277,8,RNM,5
l,m,h,0.4187,0.523,0.0583,8,RNM,6
l,h,l,0.5415,0.4308,0.0277,8,RNM,7
l,h,m,0.4187,0.523,0.0583,8,RNM,8
l,h,h,0.3,0.5877,0.1123,8,RNM,9
m,l,l,0.666,0.3219,0.0121,8,RNM,10
m,l,m,0.5415,0.4308,0.0277,8,RNM,11
m,l,h,0.4187,0.523,0.0583,8,RNM,12
m,m,l,0.38,0.5448,0.0752,8,RNM,13
m,m,m,0.1911,0.6176,0.1913,8,RNM,14
m,m,h,0.1155,0.5917,0.2928,8,RNM,15
m,h,l,0.1911,0.6176,0.1913,8,RNM,16
m,h,m,0.1155,0.5917,0.2928,8,RNM,17
m,h,h,0.0613,0.5272,0.4115,8,RNM,18
h,l,l,0.5415,0.4308,0.0277,8,RNM,19
h,l,m,0.4187,0.523,0.0583,8,RNM,20
h,l,h,0.3,0.5877,0.1123,8,RNM,21
h,m,l,0.1911,0.6176,0.1913,8,RNM,22
h,m,m,0.1155,0.5917,0.2928,8,RNM,23
h,m,h,0.0613,0.5272,0.4115,8,RNM,24
h,h,l,0.0752,0.5561,0.3687,8,RNM,25
h,h,m,0.0231,0.3982,0.5787,8,RNM,26
h,h,h,0.0049,0.237,0.7581,8,RNM,27
l,l,l,0.8,0.15,0.05,9,WSA,1
l,l,m,0.6,0.3,0.1,9,WSA,2
l,l,h,0.555,0.265,0.18,9,WSA,3
l,m,l,0.59,0.2725,0.1375,9,WSA,4
l,m,m,0.44,0.385,0.175,9,WSA,5
l,m,h,0.415,0.335,0.25,9,WSA,6
l,h,l,0.555,0.2375,0.2075,9,WSA,7
l,h,m,0.405,0.35,0.245,9,WSA,8
l,h,h,0.38,0.3,0.32,9,WSA,9
m,l,l,0.49,0.3825,0.1275,9,WSA,10
m,l,m,0.34,0.495,0.165,9,WSA,11
m,l,h,0.315,0.445,0.24,9,WSA,12
m,m,l,0.35,0.4525,0.1975,9,WSA,13
m,m,m,0.2,0.6,0.2,9,WSA,14
m,m,h,0.2,0.5,0.3,9,WSA,15
m,h,l,0.315,0.4175,0.2675,9,WSA,16
m,h,m,0.165,0.53,0.305,9,WSA,17
m,h,h,0.14,0.48,0.38,9,WSA,18
h,l,l,0.45,0.3025,0.2475,9,WSA,19
h,l,m,0.3,0.415,0.285,9,WSA,20
h,l,h,0.275,0.365,0.36,9,WSA,21
h,m,l,0.31,0.3725,0.3175,9,WSA,22
h,m,m,0.16,0.485,0.355,9,WSA,23
h,m,h,0.135,0.435,0.43,9,WSA,24
h,h,l,0.275,0.3375,0.3875,9,WSA,25
h,h,m,0.125,0.45,0.425,9,WSA,26
h,h,h,0.1,0.4,0.5,9,WSA,27
l,l,l,0.7235,0.1932,0.0833,9,WSAAHP,1
l,l,m,0.6334,0.2605,0.1061,9,WSAAHP,2
l,l,h,0.541,0.3205,0.1385,9,WSAAHP,3
l,m,l,0.5443,0.3549,0.1008,9,WSAAHP,4
l,m,m,0.4263,0.4538,0.1199,9,WSAAHP,5
l,m,h,0.3933,0.4586,0.1481,9,WSAAHP,6
l,h,l,0.5122,0.3384,0.1494,9,WSAAHP,7
l,h,m,0.3943,0.4373,0.1684,9,WSAAHP,8
l,h,h,0.3613,0.4421,0.1966,9,WSAAHP,9
m,l,l,0.5033,0.375,0.1217,9,WSAAHP,10
m,l,m,0.3854,0.474,0.1406,9,WSAAHP,11
m,l,h,0.3524,0.4787,0.1689,9,WSAAHP,12
m,m,l,0.3556,0.5131,0.1313,9,WSAAHP,13
m,m,m,0.2518,0.5889,0.1593,9,WSAAHP,14
m,m,h,0.2114,0.6551,0.1335,9,WSAAHP,15
m,h,l,0.3236,0.4967,0.1797,9,WSAAHP,16
m,h,m,0.2056,0.5956,0.1988,9,WSAAHP,17
m,h,h,0.1726,0.6004,0.227,9,WSAAHP,18
h,l,l,0.4505,0.3827,0.1668,9,WSAAHP,19
h,l,m,0.3326,0.4816,0.1858,9,WSAAHP,20
h,l,h,0.2996,0.4864,0.214,9,WSAAHP,21
h,m,l,0.3028,0.5208,0.1764,9,WSAAHP,22
h,m,m,0.1849,0.6197,0.1954,9,WSAAHP,23
h,m,h,0.1519,0.6245,0.2236,9,WSAAHP,24
h,h,l,0.3613,0.4421,0.1966,9,WSAAHP,25
h,h,m,0.1726,0.6004,0.227,9,WSAAHP,26
h,h,h,0.1199,0.608,0.2721,9,WSAAHP,27
l,l,l,0.7348,0.2569,0.0083,9,RNM,1
l,l,m,0.6623,0.3211,0.0166,9,RNM,2
l,l,h,0.5701,0.3999,0.03,9,RNM,3
l,m,l,0.6176,0.3599,0.0225,9,RNM,4
l,m,m,0.475,0.4718,0.0532,9,RNM,5
l,m,h,0.339,0.5484,0.1126,9,RNM,6
l,h,l,0.475,0.4718,0.0532,9,RNM,7
l,h,m,0.339,0.5484,0.1126,9,RNM,8
l,h,h,0.2055,0.5886,0.2059,9,RNM,9
m,l,l,0.6623,0.3211,0.0166,9,RNM,10
m,l,m,0.5701,0.3999,0.03,9,RNM,11
m,l,h,0.475,0.4718,0.0532,9,RNM,12
m,m,l,0.3817,0.5267,0.0916,9,RNM,13
m,m,m,0.2055,0.5886,0.2059,9,RNM,14
m,m,h,0.1413,0.5739,0.2848,9,RNM,15
m,h,l,0.2055,0.5886,0.2059,9,RNM,16
m,h,m,0.1161,0.5593,0.3246,9,RNM,17
m,h,h,0.0568,0.4705,0.4727,9,RNM,18
h,l,l,0.5701,0.3999,0.03,9,RNM,19
h,l,m,0.475,0.4718,0.0532,9,RNM,20
h,l,h,0.3817,0.5267,0.0916,9,RNM,21
h,m,l,0.2055,0.5886,0.2059,9,RNM,22
h,m,m,0.1413,0.5739,0.2848,9,RNM,23
h,m,h,0.0909,0.5376,0.3715,9,RNM,24
h,h,l,0.0909,0.5376,0.3715,9,RNM,25
h,h,m,0.0335,0.4017,0.5648,9,RNM,26
h,h,h,0.0094,0.2571,0.7335,9,RNM,27
l,l,l,0.8,0.15,0.05,10,WSA,1
l,l,m,0.6,0.3,0.1,10,WSA,2
l,l,h,0.555,0.265,0.18,10,WSA,3
l,m,l,0.59,0.2725,0.1375,10,WSA,4
l,m,m,0.44,0.385,0.175,10,WSA,5
l,m,h,0.415,0.335,0.25,10,WSA,6
l,h,l,0.555,0.2375,0.2075,10,WSA,7
l,h,m,0.405,0.35,0.245,10,WSA,8
l,h,h,0.38,0.3,0.32,10,WSA,9
m,l,l,0.49,0.3825,0.1275,10,WSA,10
m,l,m,0.34,0.495,0.165,10,WSA,11
m,l,h,0.315,0.445,0.24,10,WSA,12
m,m,l,0.35,0.4525,0.1975,10,WSA,13
m,m,m,0.2,0.6,0.2,10,WSA,14
m,m,h,0.2,0.5,0.3,10,WSA,15
m,h,l,0.315,0.4175,0.2675,10,WSA,16
m,h,m,0.165,0.53,0.305,10,WSA,17
m,h,h,0.14,0.48,0.38,10,WSA,18
h,l,l,0.45,0.3025,0.2475,10,WSA,19
h,l,m,0.3,0.415,0.285,10,WSA,20
h,l,h,0.275,0.365,0.36,10,WSA,21
h,m,l,0.31,0.3725,0.3175,10,WSA,22
h,m,m,0.16,0.485,0.355,10,WSA,23
h,m,h,0.135,0.435,0.43,10,WSA,24
h,h,l,0.275,0.3375,0.3875,10,WSA,25
h,h,m,0.125,0.45,0.425,10,WSA,26
h,h,h,0.1,0.4,0.5,10,WSA,27
l,l,l,0.7235,0.1932,0.0833,10,WSAAHP,1
l,l,m,0.6334,0.2605,0.1061,10,WSAAHP,2
l,l,h,0.541,0.3205,0.1385,10,WSAAHP,3
l,m,l,0.5443,0.3549,0.1008,10,WSAAHP,4
l,m,m,0.4263,0.4538,0.1199,10,WSAAHP,5
l,m,h,0.3933,0.4586,0.1481,10,WSAAHP,6
l,h,l,0.5122,0.3384,0.1494,10,WSAAHP,7
l,h,m,0.3943,0.4373,0.1684,10,WSAAHP,8
l,h,h,0.3613,0.4421,0.1966,10,WSAAHP,9
m,l,l,0.5033,0.375,0.1217,10,WSAAHP,10
m,l,m,0.3854,0.474,0.1406,10,WSAAHP,11
m,l,h,0.3524,0.4787,0.1689,10,WSAAHP,12
m,m,l,0.3556,0.5131,0.1313,10,WSAAHP,13
m,m,m,0.2518,0.5889,0.1593,10,WSAAHP,14
m,m,h,0.2114,0.6551,0.1335,10,WSAAHP,15
m,h,l,0.3236,0.4967,0.1797,10,WSAAHP,16
m,h,m,0.2056,0.5956,0.1988,10,WSAAHP,17
m,h,h,0.1726,0.6004,0.227,10,WSAAHP,18
h,l,l,0.4505,0.3827,0.1668,10,WSAAHP,19
h,l,m,0.3326,0.4816,0.1858,10,WSAAHP,20
h,l,h,0.2996,0.4864,0.214,10,WSAAHP,21
h,m,l,0.3028,0.5208,0.1764,10,WSAAHP,22
h,m,m,0.1849,0.6197,0.1954,10,WSAAHP,23
h,m,h,0.1519,0.6245,0.2236,10,WSAAHP,24
h,h,l,0.3613,0.4421,0.1966,10,WSAAHP,25
h,h,m,0.1726,0.6004,0.227,10,WSAAHP,26
h,h,h,0.1199,0.608,0.2721,10,WSAAHP,27
l,l,l,0.7348,0.2569,0.0083,10,RNM,1
l,l,m,0.6623,0.3211,0.0166,10,RNM,2
l,l,h,0.5701,0.3999,0.03,10,RNM,3
l,m,l,0.6176,0.3599,0.0225,10,RNM,4
l,m,m,0.475,0.4718,0.0532,10,RNM,5
l,m,h,0.339,0.5484,0.1126,10,RNM,6
l,h,l,0.475,0.4718,0.0532,10,RNM,7
l,h,m,0.339,0.5484,0.1126,10,RNM,8
l,h,h,0.2055,0.5886,0.2059,10,RNM,9
m,l,l,0.6623,0.3211,0.0166,10,RNM,10
m,l,m,0.5701,0.3999,0.03,10,RNM,11
m,l,h,0.475,0.4718,0.0532,10,RNM,12
m,m,l,0.3817,0.5267,0.0916,10,RNM,13
m,m,m,0.2055,0.5886,0.2059,10,RNM,14
m,m,h,0.1413,0.5739,0.2848,10,RNM,15
m,h,l,0.2055,0.5886,0.2059,10,RNM,16
m,h,m,0.1161,0.5593,0.3246,10,RNM,17
m,h,h,0.0568,0.4705,0.4727,10,RNM,18
h,l,l,0.5701,0.3999,0.03,10,RNM,19
h,l,m,0.475,0.4718,0.0532,10,RNM,20
h,l,h,0.3817,0.5267,0.0916,10,RNM,21
h,m,l,0.2055,0.5886,0.2059,10,RNM,22
h,m,m,0.1413,0.5739,0.2848,10,RNM,23
h,m,h,0.0909,0.5376,0.3715,10,RNM,24
h,h,l,0.0909,0.5376,0.3715,10,RNM,25
h,h,m,0.0335,0.4017,0.5648,10,RNM,26
h,h,h,0.0094,0.2571,0.7335,10,RNM,27
l,l,l,0.88,0.1,0.02,1,manual,1
l,l,m,0.65,0.25,0.1,1,manual,2
l,l,h,0.65,0.3,0.05,1,manual,3
l,m,l,0.8,0.15,0.05,1,manual,4
l,m,m,0.35,0.6,0.05,1,manual,5
l,m,h,0.2,0.7,0.1,1,manual,6
l,h,l,0.25,0.6,0.15,1,manual,7
l,h,m,0.1,0.4,0.5,1,manual,8
l,h,h,0.2,0.7,0.1,1,manual,9
m,l,l,0.85,0.1,0.05,1,manual,10
m,l,m,0.8,0.15,0.05,1,manual,11
m,l,h,0.8,0.18,0.02,1,manual,12
m,m,l,0.15,0.6,0.25,1,manual,13
m,m,m,0.2,0.6,0.2,1,manual,14
m,m,h,0.3,0.5,0.2,1,manual,15
m,h,l,0.2,0.7,0.1,1,manual,16
m,h,m,0.18,0.7,0.12,1,manual,17
m,h,h,0.1,0.6,0.3,1,manual,18
h,l,l,0.55,0.3,0.15,1,manual,19
h,l,m,0.5,0.35,0.15,1,manual,20
h,l,h,0.15,0.55,0.3,1,manual,21
h,m,l,0.65,0.3,0.05,1,manual,22
h,m,m,0.05,0.4,0.55,1,manual,23
h,m,h,0.05,0.6,0.35,1,manual,24
h,h,l,0.05,0.25,0.7,1,manual,25
h,h,m,0.02,0.2,0.78,1,manual,26
h,h,h,0.02,0.1,0.88,1,manual,27
l,l,l,0.71,0.29,0,2,manual,1
l,l,m,0.6,0.39,0.01,2,manual,2
l,l,h,0.4,0.5431,0.0569,2,manual,3
l,m,l,0.6,0.3,0.1,2,manual,4
l,m,m,0.45,0.38,0.17,2,manual,5
l,m,h,0.3,0.45,0.25,2,manual,6
l,h,l,0.4027,0.5273,0.07,2,manual,7
l,h,m,0.3,0.45,0.25,2,manual,8
l,h,h,0.11,0.4931,0.3969,2,manual,9
m,l,l,0.6,0.3,0.1,2,manual,10
m,l,m,0.5,0.33,0.17,2,manual,11
m,l,h,0.3,0.45,0.25,2,manual,12
m,m,l,0.4,0.2,0.4,2,manual,13
m,m,m,0.3,0.4,0.3,2,manual,14
m,m,h,0.1,0.6,0.3,2,manual,15
m,h,l,0.25,0.45,0.3,2,manual,16
m,h,m,0.1,0.35,0.55,2,manual,17
m,h,h,0.05,0.25,0.7,2,manual,18
h,l,l,0.68,0.24,0.08,2,manual,19
h,l,m,0.5,0.35,0.15,2,manual,20
h,l,h,0.34,0.485,0.175,2,manual,21
h,m,l,0.4,0.55,0.05,2,manual,22
h,m,m,0.2,0.65,0.15,2,manual,23
h,m,h,0.1,0.7,0.2,2,manual,24
h,h,l,0.13,0.5188,0.3513,2,manual,25
h,h,m,0.1,0.3,0.6,2,manual,26
h,h,h,0.05,0.2,0.75,2,manual,27
l,l,l,0.8,0.1,0.1,3,manual,1
l,l,m,0.6,0.3,0.1,3,manual,2
l,l,h,0.5075,0.3225,0.17,3,manual,3
l,m,l,0.7,0.2,0.1,3,manual,4
l,m,m,0.6,0.3,0.1,3,manual,5
l,m,h,0.3,0.5,0.2,3,manual,6
l,h,l,0.2599,0.45,0.2901,3,manual,7
l,h,m,0.1,0.3,0.6,3,manual,8
l,h,h,0.08,0.4212,0.4988,3,manual,9
m,l,l,0.7,0.2,0.1,3,manual,10
m,l,m,0.3,0.5,0.2,3,manual,11
m,l,h,0.2,0.6,0.2,3,manual,12
m,m,l,0.2,0.5,0.3,3,manual,13
m,m,m,0.2,0.4,0.4,3,manual,14
m,m,h,0.2,0.3,0.5,3,manual,15
m,h,l,0.1,0.4,0.5,3,manual,16
m,h,m,0.1,0.3,0.6,3,manual,17
m,h,h,0.1,0.3,0.6,3,manual,18
h,l,l,0.53,0.3501,0.1199,3,manual,19
h,l,m,0.4,0.3,0.3,3,manual,20
h,l,h,0.17,0.3802,0.4498,3,manual,21
h,m,l,0.2,0.2,0.6,3,manual,22
h,m,m,0.2,0.3,0.5,3,manual,23
h,m,h,0.2,0.2,0.6,3,manual,24
h,h,l,0.0719,0.31,0.6181,3,manual,25
h,h,m,0.1,0.3,0.6,3,manual,26
h,h,h,0.1,0.2,0.7,3,manual,27
l,l,l,0.8,0.15,0.05,4,manual,1
l,l,m,0.8,0.15,0.05,4,manual,2
l,l,h,0.8,0.15,0.05,4,manual,3
l,m,l,0.55,0.4,0.05,4,manual,4
l,m,m,0.4,0.5,0.1,4,manual,5
l,m,h,0.2,0.6,0.2,4,manual,6
l,h,l,0.25,0.65,0.1,4,manual,7
l,h,m,0.2,0.65,0.15,4,manual,8
l,h,h,0.06,0.7,0.24,4,manual,9
m,l,l,0.65,0.3,0.05,4,manual,10
m,l,m,0.6,0.35,0.05,4,manual,11
m,l,h,0.5,0.35,0.15,4,manual,12
m,m,l,0.2,0.7,0.1,4,manual,13
m,m,m,0.1,0.85,0.05,4,manual,14
m,m,h,0.1,0.7,0.2,4,manual,15
m,h,l,0.3,0.5,0.2,4,manual,16
m,h,m,0.2,0.4,0.4,4,manual,17
m,h,h,0.05,0.15,0.8,4,manual,18
h,l,l,0.655,0.295,0.05,4,manual,19
h,l,m,0.5,0.45,0.05,4,manual,20
h,l,h,0.245,0.575,0.18,4,manual,21
h,m,l,0.3,0.6,0.1,4,manual,22
h,m,m,0.2,0.6,0.2,4,manual,23
h,m,h,0.05,0.4,0.55,4,manual,24
h,h,l,0.07,0.7,0.23,4,manual,25
h,h,m,0.05,0.2,0.75,4,manual,26
h,h,h,0.05,0.15,0.8,4,manual,27
l,l,l,0.85,0.1,0.05,5,manual,1
l,l,m,0.7,0.25,0.05,5,manual,2
l,l,h,0.7,0.2,0.1,5,manual,3
l,m,l,0.6,0.35,0.05,5,manual,4
l,m,m,0.4,0.55,0.05,5,manual,5
l,m,h,0.15,0.7,0.15,5,manual,6
l,h,l,0.23,0.57,0.2,5,manual,7
l,h,m,0.1,0.3,0.6,5,manual,8
l,h,h,0.15,0.25,0.6,5,manual,9
m,l,l,0.8,0.15,0.05,5,manual,10
m,l,m,0.3,0.65,0.05,5,manual,11
m,l,h,0.1,0.65,0.25,5,manual,12
m,m,l,0.45,0.5,0.05,5,manual,13
m,m,m,0.1,0.8,0.1,5,manual,14
m,m,h,0.2,0.6,0.2,5,manual,15
m,h,l,0.3,0.3,0.4,5,manual,16
m,h,m,0.1,0.6,0.3,5,manual,17
m,h,h,0.05,0.2,0.75,5,manual,18
h,l,l,0.6,0.3,0.1,5,manual,19
h,l,m,0.4,0.4,0.2,5,manual,20
h,l,h,0.28,0.45,0.27,5,manual,21
h,m,l,0.2,0.4,0.4,5,manual,22
h,m,m,0.05,0.35,0.6,5,manual,23
h,m,h,0.05,0.25,0.7,5,manual,24
h,h,l,0.03,0.22,0.75,5,manual,25
h,h,m,0.01,0.24,0.75,5,manual,26
h,h,h,0.05,0.1,0.85,5,manual,27
l,l,l,0.7,0.25,0.05,6,manual,1
l,l,m,0.5,0.4,0.1,6,manual,2
l,l,h,0.65,0.2875,0.0625,6,manual,3
l,m,l,0.6,0.35,0.05,6,manual,4
l,m,m,0.2,0.6,0.2,6,manual,5
l,m,h,0.1,0.3,0.6,6,manual,6
l,h,l,0.3,0.4975,0.2025,6,manual,7
l,h,m,0.05,0.25,0.7,6,manual,8
l,h,h,0.15,0.3,0.55,6,manual,9
m,l,l,0.8,0.15,0.05,6,manual,10
m,l,m,0.3,0.6,0.1,6,manual,11
m,l,h,0.7,0.2,0.1,6,manual,12
m,m,l,0.2,0.7,0.1,6,manual,13
m,m,m,0.1,0.6,0.3,6,manual,14
m,m,h,0.1,0.6,0.3,6,manual,15
m,h,l,0.2,0.4,0.4,6,manual,16
m,h,m,0.1,0.5,0.4,6,manual,17
m,h,h,0.05,0.15,0.8,6,manual,18
h,l,l,0.7,0.25,0.05,6,manual,19
h,l,m,0.2,0.4,0.4,6,manual,20
h,l,h,0.29,0.3622,0.3478,6,manual,21
h,m,l,0.3,0.4,0.3,6,manual,22
h,m,m,0.05,0.1,0.85,6,manual,23
h,m,h,0.05,0.15,0.8,6,manual,24
h,h,l,0.0806,0.2194,0.7,6,manual,25
h,h,m,0.05,0.15,0.8,6,manual,26
h,h,h,0.05,0.2,0.75,6,manual,27
l,l,l,0.8,0.15,0.05,7,manual,1
l,l,m,0.6,0.3,0.1,7,manual,2
l,l,h,0.44,0.3025,0.2575,7,manual,3
l,m,l,0.7,0.25,0.05,7,manual,4
l,m,m,0.5,0.35,0.15,7,manual,5
l,m,h,0.3,0.5,0.2,7,manual,6
l,h,l,0.5,0.3025,0.1975,7,manual,7
l,h,m,0.4,0.45,0.15,7,manual,8
l,h,h,0.3575,0.46,0.1825,7,manual,9
m,l,l,0.7,0.25,0.05,7,manual,10
m,l,m,0.5,0.35,0.15,7,manual,11
m,l,h,0.3,0.5,0.2,7,manual,12
m,m,l,0.1,0.6,0.3,7,manual,13
m,m,m,0.1,0.7,0.2,7,manual,14
m,m,h,0.15,0.5,0.35,7,manual,15
m,h,l,0.3,0.5,0.2,7,manual,16
m,h,m,0.25,0.45,0.3,7,manual,17
m,h,h,0.1,0.25,0.65,7,manual,18
h,l,l,0.4725,0.2975,0.23,7,manual,19
h,l,m,0.3,0.5,0.2,7,manual,20
h,l,h,0.32,0.5138,0.1663,7,manual,21
h,m,l,0.3,0.5,0.2,7,manual,22
h,m,m,0.2,0.4,0.5,7,manual,23
h,m,h,0.1,0.3,0.6,7,manual,24
h,h,l,0.06,0.28,0.66,7,manual,25
h,h,m,0.01,0.25,0.74,7,manual,26
h,h,h,0.005,0.015,0.98,7,manual,27
l,l,l,0.7,0.2,0.1,8,manual,1
l,l,m,0.6,0.35,0.05,8,manual,2
l,l,h,0.5,0.4,0.1,8,manual,3
l,m,l,0.6,0.35,0.05,8,manual,4
l,m,m,0.55,0.4,0.05,8,manual,5
l,m,h,0.55,0.4,0.05,8,manual,6
l,h,l,0.5325,0.3675,0.1,8,manual,7
l,h,m,0.3,0.5,0.2,8,manual,8
l,h,h,0.1,0.565,0.335,8,manual,9
m,l,l,0.45,0.55,0,8,manual,10
m,l,m,0.4,0.55,0.05,8,manual,11
m,l,h,0.35,0.55,0.1,8,manual,12
m,m,l,0.2,0.4,0.4,8,manual,13
m,m,m,0.1,0.5,0.4,8,manual,14
m,m,h,0,0.5,0.5,8,manual,15
m,h,l,0.2,0.4,0.4,8,manual,16
m,h,m,0.1,0.5,0.4,8,manual,17
m,h,h,0,0.6,0.4,8,manual,18
h,l,l,0.47,0.53,0,8,manual,19
h,l,m,0.4,0.5,0.1,8,manual,20
h,l,h,0.3171,0.5329,0.15,8,manual,21
h,m,l,0.2,0.4,0.4,8,manual,22
h,m,m,0.1,0.4,0.5,8,manual,23
h,m,h,0.1,0.3,0.6,8,manual,24
h,h,l,0.1234,0.4066,0.47,8,manual,25
h,h,m,0.1,0.3,0.6,8,manual,26
h,h,h,0.15,0.3575,0.4925,8,manual,27
l,l,l,0.8,0.15,0.05,9,manual,1
l,l,m,0.6,0.3,0.1,9,manual,2
l,l,h,0.57,0.35,0.08,9,manual,3
l,m,l,0.7,0.25,0.05,9,manual,4
l,m,m,0.63,0.3,0.07,9,manual,5
l,m,h,0.6,0.3,0.1,9,manual,6
l,h,l,0.2,0.65,0.15,9,manual,7
l,h,m,0.15,0.7,0.15,9,manual,8
l,h,h,0.31,0.55,0.14,9,manual,9
m,l,l,0.7,0.25,0.05,9,manual,10
m,l,m,0.55,0.34,0.11,9,manual,11
m,l,h,0.5,0.38,0.12,9,manual,12
m,m,l,0.45,0.45,0.1,9,manual,13
m,m,m,0.2,0.6,0.2,9,manual,14
m,m,h,0.2,0.5,0.3,9,manual,15
m,h,l,0.25,0.63,0.12,9,manual,16
m,h,m,0.15,0.6,0.25,9,manual,17
m,h,h,0.1,0.6,0.3,9,manual,18
h,l,l,0.65,0.3,0.05,9,manual,19
h,l,m,0.5,0.4,0.1,9,manual,20
h,l,h,0.33,0.46,0.21,9,manual,21
h,m,l,0.4,0.55,0.05,9,manual,22
h,m,m,0.3,0.6,0.1,9,manual,23
h,m,h,0.2,0.6,0.2,9,manual,24
h,h,l,0.13,0.37,0.5,9,manual,25
h,h,m,0.12,0.38,0.5,9,manual,26
h,h,h,0.1,0.4,0.5,9,manual,27
l,l,l,0.8,0.15,0.05,10,manual,1
l,l,m,0.6,0.3,0.1,10,manual,2
l,l,h,0.57,0.35,0.08,10,manual,3
l,m,l,0.7,0.25,0.05,10,manual,4
l,m,m,0.63,0.3,0.07,10,manual,5
l,m,h,0.6,0.3,0.1,10,manual,6
l,h,l,0.2,0.65,0.15,10,manual,7
l,h,m,0.15,0.7,0.15,10,manual,8
l,h,h,0.31,0.55,0.14,10,manual,9
m,l,l,0.7,0.25,0.05,10,manual,10
m,l,m,0.55,0.34,0.11,10,manual,11
m,l,h,0.5,0.38,0.12,10,manual,12
m,m,l,0.45,0.45,0.1,10,manual,13
m,m,m,0.2,0.6,0.2,10,manual,14
m,m,h,0.2,0.5,0.3,10,manual,15
m,h,l,0.25,0.63,0.12,10,manual,16
m,h,m,0.15,0.6,0.25,10,manual,17
m,h,h,0.1,0.6,0.3,10,manual,18
h,l,l,0.65,0.3,0.05,10,manual,19
h,l,m,0.5,0.4,0.1,10,manual,20
h,l,h,0.33,0.46,0.21,10,manual,21
h,m,l,0.4,0.55,0.05,10,manual,22
h,m,m,0.3,0.6,0.1,10,manual,23
h,m,h,0.2,0.6,0.2,10,manual,24
h,h,l,0.13,0.37,0.5,10,manual,25
h,h,m,0.12,0.38,0.5,10,manual,26
h,h,h,0.1,0.4,0.5,10,manual,27